benchmark,backend,sample_name,rows,time_sec,ram_before_mb,ram_after_mb,ram_delta_mb,loaded_rows,saved_size_mb,rows_per_sec,saves_size_mb,db_path,filter_config,num_filters,candidate_count,recommendation_time_after_filtering_sec,top_k,note,unique_item_id,groups_count,interactions_rows,items_rows,output_rows,matched_rows,target_users,graph_edges,total_runtime_sec,recommendation_time_per_user_sec,coverage
data_loading,pandas_csv,ratings_10000,10000,0.012057019000167202,455.89453125,456.18359375,0.2890625,10000.0,0.2443857192993164,829392.4061877421,,,,,,,,,,,,,,,,,,,
data_loading,pandas_csv,ratings_25000,25000,0.03883732800022699,456.18359375,458.0625,1.87890625,25000.0,0.6110420227050781,643710.6074819021,,,,,,,,,,,,,,,,,,,
data_loading,pandas_csv,ratings_50000,50000,0.09829533999982232,458.0625,459.9453125,1.8828125,50000.0,1.222306251525879,508671.11299569625,,,,,,,,,,,,,,,,,,,
data_loading,pandas_csv,ratings_100000,100000,0.1581397840000136,459.9453125,458.3125,-1.6328125,100000.0,2.444390296936035,632351.9450361169,,,,,,,,,,,,,,,,,,,
data_loading,polars_csv,ratings_10000,10000,0.14686814099968615,458.3125,463.890625,5.578125,10000.0,0.2443857192993164,68088.28607711029,,,,,,,,,,,,,,,,,,,
data_loading,polars_csv,ratings_25000,25000,0.027969109999958164,463.890625,464.8671875,0.9765625,25000.0,0.6110420227050781,893843.24349389,,,,,,,,,,,,,,,,,,,
data_loading,polars_csv,ratings_50000,50000,0.024827686000207905,464.8671875,467.72265625,2.85546875,50000.0,1.222306251525879,2013880.7941900548,,,,,,,,,,,,,,,,,,,
data_loading,polars_csv,ratings_100000,100000,0.04235441099990567,466.69140625,469.76171875,3.0703125,100000.0,2.444390296936035,2361029.1735664257,,,,,,,,,,,,,,,,,,,
data_loading,numpy_npy,ratings_10000,10000,0.0007603579997521592,482.7734375,482.7734375,0.0,10000.0,,13151699.598425383,0.3052978515625,,,,,,,,,,,,,,,,,,
data_loading,numpy_npy,ratings_25000,25000,0.0007907990002422594,482.7734375,482.7734375,0.0,25000.0,,31613595.85980927,0.7630615234375,,,,,,,,,,,,,,,,,,
data_loading,numpy_npy,ratings_50000,50000,0.0010691430002225388,482.7734375,482.7734375,0.0,50000.0,,46766428.80287544,1.5260009765625,,,,,,,,,,,,,,,,,,
data_loading,numpy_npy,ratings_100000,100000,0.009043767999628471,482.7734375,485.82421875,3.05078125,100000.0,,11057338.048046801,3.0518798828125,,,,,,,,,,,,,,,,,,
data_loading,chdb_parquet_count,ratings_10000,10000,0.056411855000078504,500.10546875,500.87890625,0.7734375,10000.0,0.12193107604980469,177267.70374748507,,,,,,,,,,,,,,,,,,,
data_loading,chdb_parquet_count,ratings_25000,25000,0.057440730999587686,500.87890625,501.2421875,0.36328125,25000.0,0.28290748596191406,435231.2299120889,,,,,,,,,,,,,,,,,,,
data_loading,chdb_parquet_count,ratings_50000,50000,0.0513445460001094,501.2421875,505.50390625,4.26171875,50000.0,0.5395832061767578,973813.2653835027,,,,,,,,,,,,,,,,,,,
data_loading,chdb_parquet_count,ratings_100000,100000,0.0807810629994492,505.50390625,506.58984375,1.0859375,100000.0,1.0471477508544922,1237913.8907924725,,,,,,,,,,,,,,,,,,,
data_loading,kuzu_graphdb,ratings_10000,10000,0.3846977879993574,570.5546875,613.625,43.0703125,10000.0,7.13671875,25994.430724454032,,/content/data/kuzu_ratings_10000_6fe41a62,,,,,,,,,,,,,,,,,
data_loading,kuzu_graphdb,ratings_25000,25000,0.5831757400001152,613.625,650.23046875,36.60546875,25000.0,7.48046875,42868.72427168363,,/content/data/kuzu_ratings_25000_c240bb0b,,,,,,,,,,,,,,,,,
data_loading,kuzu_graphdb,ratings_50000,50000,0.7796611500007202,650.23046875,690.0,39.76953125,50000.0,8.03515625,64130.423838553215,,/content/data/kuzu_ratings_50000_00f8b67f,,,,,,,,,,,,,,,,,
data_loading,kuzu_graphdb,ratings_100000,100000,1.2591707760002464,690.0,736.31640625,46.31640625,100000.0,9.116470336914062,79417.34505437763,,/content/data/kuzu_ratings_100000_273d149d,,,,,,,,,,,,,,,,,
filtering_querying,pandas,ratings_10000,10000,0.03830695899978309,736.609375,737.21875,0.609375,,,,,,rating_only,1.0,2039.0,0.016497976999744424,10.0,,,,,,,,,,,,
filtering_querying,pandas,ratings_10000,10000,0.02542372400057502,737.21875,737.21875,0.0,,,,,,rating_time,2.0,1239.0,0.005385730999478255,10.0,,,,,,,,,,,,
filtering_querying,pandas,ratings_10000,10000,0.04735988399988855,737.21875,737.5546875,0.3359375,,,,,,rating_time_genre,3.0,469.0,0.00501444299970899,10.0,,,,,,,,,,,,
filtering_querying,pandas,ratings_25000,25000,0.0324149079997369,737.5546875,737.68359375,0.12890625,,,,,,rating_only,1.0,3340.0,0.008713307000107307,10.0,,,,,,,,,,,,
filtering_querying,pandas,ratings_25000,25000,0.03212753000025259,737.68359375,737.6875,0.00390625,,,,,,rating_time,2.0,2201.0,0.0055161560003398336,10.0,,,,,,,,,,,,
filtering_querying,pandas,ratings_25000,25000,0.03521604300021863,737.6875,737.69140625,0.00390625,,,,,,rating_time_genre,3.0,850.0,0.004982055000255059,10.0,,,,,,,,,,,,
filtering_querying,pandas,ratings_50000,50000,0.043661526000505546,737.69140625,737.69140625,0.0,,,,,,rating_only,1.0,4725.0,0.006634889000451949,10.0,,,,,,,,,,,,
filtering_querying,pandas,ratings_50000,50000,0.04167521199997282,737.69140625,737.69140625,0.0,,,,,,rating_time,2.0,3261.0,0.005954198999461369,10.0,,,,,,,,,,,,
filtering_querying,pandas,ratings_50000,50000,0.049544045999937225,737.69140625,737.69140625,0.0,,,,,,rating_time_genre,3.0,1269.0,0.005046882999522495,10.0,,,,,,,,,,,,
filtering_querying,pandas,ratings_100000,100000,0.06914580800003023,737.69140625,738.109375,0.41796875,,,,,,rating_only,1.0,6281.0,0.0074351590001242585,10.0,,,,,,,,,,,,
filtering_querying,pandas,ratings_100000,100000,0.06276658200022212,738.109375,738.109375,0.0,,,,,,rating_time,2.0,4506.0,0.006512626000585442,10.0,,,,,,,,,,,,
filtering_querying,pandas,ratings_100000,100000,0.0748179229995003,738.109375,738.109375,0.0,,,,,,rating_time_genre,3.0,1786.0,0.005452037999930326,10.0,,,,,,,,,,,,
filtering_querying,polars,ratings_10000,10000,0.25842031100000895,738.109375,747.61328125,9.50390625,,,,,,rating_only,1.0,2039.0,0.043256788000689994,10.0,,,,,,,,,,,,
filtering_querying,polars,ratings_10000,10000,0.015810717000022123,747.61328125,747.9921875,0.37890625,,,,,,rating_time,2.0,1239.0,0.0013130390007063397,10.0,,,,,,,,,,,,
filtering_querying,polars,ratings_10000,10000,0.03645220700036589,747.9921875,750.25,2.2578125,,,,,,rating_time_genre,3.0,469.0,0.0007457310002791928,10.0,,,,,,,,,,,,
filtering_querying,polars,ratings_25000,25000,0.011445412999819382,750.25,750.46875,0.21875,,,,,,rating_only,1.0,3340.0,0.0022177149994604406,10.0,,,,,,,,,,,,
filtering_querying,polars,ratings_25000,25000,0.010722269999860146,750.46875,750.5390625,0.0703125,,,,,,rating_time,2.0,2201.0,0.0014662969997516484,10.0,,,,,,,,,,,,
filtering_querying,polars,ratings_25000,25000,0.012687438000284601,750.5390625,750.73046875,0.19140625,,,,,,rating_time_genre,3.0,850.0,0.0006731109997417661,10.0,,,,,,,,,,,,
filtering_querying,polars,ratings_50000,50000,0.020962818000043626,750.73046875,752.41796875,1.6875,,,,,,rating_only,1.0,4725.0,0.0057229829999414505,10.0,,,,,,,,,,,,
filtering_querying,polars,ratings_50000,50000,0.01621604499996465,752.41796875,752.72265625,0.3046875,,,,,,rating_time,2.0,3261.0,0.0023682659993937705,10.0,,,,,,,,,,,,
filtering_querying,polars,ratings_50000,50000,0.019152103000124043,752.72265625,753.1328125,0.41015625,,,,,,rating_time_genre,3.0,1269.0,0.0008708000004844507,10.0,,,,,,,,,,,,
filtering_querying,polars,ratings_100000,100000,0.048669959000108065,753.1328125,757.19140625,4.05859375,,,,,,rating_only,1.0,6281.0,0.014734779000718845,10.0,,,,,,,,,,,,
filtering_querying,polars,ratings_100000,100000,0.025892819000546297,757.19140625,757.65234375,0.4609375,,,,,,rating_time,2.0,4506.0,0.0025178480000249692,10.0,,,,,,,,,,,,
filtering_querying,polars,ratings_100000,100000,0.028021262000038405,757.65234375,758.1328125,0.48046875,,,,,,rating_time_genre,3.0,1786.0,0.0011029429997506668,10.0,,,,,,,,,,,,
filtering_querying,chdb,ratings_10000,10000,0.09841584100013279,765.53125,768.09765625,2.56640625,,,,,,rating_only,1.0,2039.0,0.048668252999959805,10.0,,,,,,,,,,,,
filtering_querying,chdb,ratings_10000,10000,0.09605188299974543,768.09765625,770.90234375,2.8046875,,,,,,rating_time,2.0,1239.0,0.04213002200049232,10.0,,,,,,,,,,,,
filtering_querying,chdb,ratings_10000,10000,0.13714136899943696,770.90234375,778.1171875,7.21484375,,,,,,rating_time_genre,3.0,469.0,0.048714493999796105,10.0,,,,,,,,,,,,
filtering_querying,chdb,ratings_25000,25000,0.21275639300074545,778.1171875,795.59375,17.4765625,,,,,,rating_only,1.0,3340.0,0.13193892599974788,10.0,,,,,,,,,,,,
filtering_querying,chdb,ratings_25000,25000,0.14561017300002277,795.59375,798.6953125,3.1015625,,,,,,rating_time,2.0,2201.0,0.09833298499961529,10.0,,,,,,,,,,,,
filtering_querying,chdb,ratings_25000,25000,0.17481840700020257,798.6953125,800.00390625,1.30859375,,,,,,rating_time_genre,3.0,850.0,0.12154949800060422,10.0,,,,,,,,,,,,
filtering_querying,chdb,ratings_50000,50000,0.16441728500012687,800.00390625,800.62890625,0.625,,,,,,rating_only,1.0,4725.0,0.07835745500051416,10.0,,,,,,,,,,,,
filtering_querying,chdb,ratings_50000,50000,0.16976181799964252,800.62890625,801.87109375,1.2421875,,,,,,rating_time,2.0,3261.0,0.09787463800057594,10.0,,,,,,,,,,,,
filtering_querying,chdb,ratings_50000,50000,0.18743495599937887,801.87109375,803.22265625,1.3515625,,,,,,rating_time_genre,3.0,1269.0,0.10772220999933779,10.0,,,,,,,,,,,,
filtering_querying,chdb,ratings_100000,100000,0.18761700300001394,803.22265625,802.5625,-0.66015625,,,,,,rating_only,1.0,6281.0,0.08910003499931918,10.0,,,,,,,,,,,,
filtering_querying,chdb,ratings_100000,100000,0.20211156599998503,802.5625,803.03125,0.46875,,,,,,rating_time,2.0,4506.0,0.11330575899955875,10.0,,,,,,,,,,,,
filtering_querying,chdb,ratings_100000,100000,0.22498044100029801,803.03125,806.890625,3.859375,,,,,,rating_time_genre,3.0,1786.0,0.12142945300001884,10.0,,,,,,,,,,,,
filtering_querying,numpy,ratings_10000,10000,0.003229486999771325,806.89453125,807.078125,0.18359375,,,,,,rating_only,1.0,2039.0,0.001197337000121479,10.0,,,,,,,,,,,,
filtering_querying,numpy,ratings_10000,10000,0.0011646319999272237,807.078125,807.078125,0.0,,,,,,rating_time,2.0,1239.0,0.00043337199986126507,10.0,,,,,,,,,,,,
filtering_querying,numpy,ratings_10000,10000,0.0004926080000586808,807.078125,807.078125,0.0,,,,,,rating_time_genre,2.0,,,10.0,NumPy benchmark skipped for genre string filter,,,,,,,,,,,
filtering_querying,numpy,ratings_25000,25000,0.003945202000068093,807.078125,807.078125,0.0,,,,,,rating_only,1.0,3340.0,0.0012910349996673176,10.0,,,,,,,,,,,,
filtering_querying,numpy,ratings_25000,25000,0.001926413000546745,807.078125,807.078125,0.0,,,,,,rating_time,2.0,2201.0,0.0007358820002991706,10.0,,,,,,,,,,,,
filtering_querying,numpy,ratings_25000,25000,0.0007818570002200431,807.078125,807.078125,0.0,,,,,,rating_time_genre,2.0,,,10.0,NumPy benchmark skipped for genre string filter,,,,,,,,,,,
filtering_querying,numpy,ratings_50000,50000,0.008977641999990738,807.078125,807.078125,0.0,,,,,,rating_only,1.0,4725.0,0.0032376420003856765,10.0,,,,,,,,,,,,
filtering_querying,numpy,ratings_50000,50000,0.0042196490003334475,807.078125,807.078125,0.0,,,,,,rating_time,2.0,3261.0,0.0018870889998652274,10.0,,,,,,,,,,,,
filtering_querying,numpy,ratings_50000,50000,0.0009973920004995307,807.078125,807.078125,0.0,,,,,,rating_time_genre,2.0,,,10.0,NumPy benchmark skipped for genre string filter,,,,,,,,,,,
filtering_querying,numpy,ratings_100000,100000,0.013202020999415254,807.078125,807.078125,0.0,,,,,,rating_only,1.0,6281.0,0.006105362000198511,10.0,,,,,,,,,,,,
filtering_querying,numpy,ratings_100000,100000,0.007599816000038118,807.078125,807.078125,0.0,,,,,,rating_time,2.0,4506.0,0.003365008999935526,10.0,,,,,,,,,,,,
filtering_querying,numpy,ratings_100000,100000,0.0015339359997597057,807.078125,807.078125,0.0,,,,,,rating_time_genre,2.0,,,10.0,NumPy benchmark skipped for genre string filter,,,,,,,,,,,
filtering_querying,kuzu_graphdb,ratings_10000,10000,0.10510355299993535,807.078125,810.15625,3.078125,,,,,,rating_only,1.0,2039.0,0.012877397000011115,10.0,,,,,,,,,,,,
filtering_querying,kuzu_graphdb,ratings_10000,10000,0.050563960000545194,810.15625,810.1640625,0.0078125,,,,,,rating_time,2.0,1239.0,0.006115278999459406,10.0,,,,,,,,,,,,
filtering_querying,kuzu_graphdb,ratings_10000,10000,0.046718672999304545,810.1640625,810.1640625,0.0,,,,,,rating_time_genre,3.0,469.0,0.006411733000277309,10.0,,,,,,,,,,,,
filtering_querying,kuzu_graphdb,ratings_25000,25000,0.04719199299961474,810.1640625,810.8203125,0.65625,,,,,,rating_only,1.0,3340.0,0.007945383999867772,10.0,,,,,,,,,,,,
filtering_querying,kuzu_graphdb,ratings_25000,25000,0.052833089000159816,810.8203125,810.96484375,0.14453125,,,,,,rating_time,2.0,2201.0,0.010287336999681429,10.0,,,,,,,,,,,,
filtering_querying,kuzu_graphdb,ratings_25000,25000,0.044657868999820494,810.96484375,810.96484375,0.0,,,,,,rating_time_genre,3.0,850.0,0.007326474999899801,10.0,,,,,,,,,,,,
filtering_querying,kuzu_graphdb,ratings_50000,50000,0.04934717800006183,810.96484375,810.96484375,0.0,,,,,,rating_only,1.0,4725.0,0.008631579999928363,10.0,,,,,,,,,,,,
filtering_querying,kuzu_graphdb,ratings_50000,50000,0.04893705500035139,810.96484375,811.671875,0.70703125,,,,,,rating_time,2.0,3261.0,0.009041487999638775,10.0,,,,,,,,,,,,
filtering_querying,kuzu_graphdb,ratings_50000,50000,0.04841075800050021,811.671875,812.703125,1.03125,,,,,,rating_time_genre,3.0,1269.0,0.007879669000431022,10.0,,,,,,,,,,,,
filtering_querying,kuzu_graphdb,ratings_100000,100000,0.052300708999609924,812.703125,812.703125,0.0,,,,,,rating_only,1.0,6281.0,0.010817450999638822,10.0,,,,,,,,,,,,
filtering_querying,kuzu_graphdb,ratings_100000,100000,0.053325322000091546,812.703125,812.703125,0.0,,,,,,rating_time,2.0,4506.0,0.010687951000363682,10.0,,,,,,,,,,,,
filtering_querying,kuzu_graphdb,ratings_100000,100000,0.050307658000747324,812.703125,813.1875,0.484375,,,,,,rating_time_genre,3.0,1786.0,0.008900380000341102,10.0,,,,,,,,,,,,
aggregation,pandas,ratings_10000,10000,0.02930520600057207,813.1875,813.1875,0.0,,,,,,,,,,,,3640.0,3640.0,,,,,,,,,
aggregation,pandas,ratings_25000,25000,0.022209419999853708,813.1875,813.1875,0.0,,,,,,,,,,,,5636.0,5636.0,,,,,,,,,
aggregation,pandas,ratings_50000,50000,0.03510078199997224,813.1875,813.1875,0.0,,,,,,,,,,,,7509.0,7509.0,,,,,,,,,
aggregation,pandas,ratings_100000,100000,0.06110139400061598,813.1875,813.1875,0.0,,,,,,,,,,,,9693.0,9693.0,,,,,,,,,
aggregation,polars,ratings_10000,10000,0.013421999000456708,813.1875,813.60546875,0.41796875,,,,,,,,,,,,3640.0,3640.0,,,,,,,,,
aggregation,polars,ratings_25000,25000,0.008850548999362218,813.60546875,813.65625,0.05078125,,,,,,,,,,,,5636.0,5636.0,,,,,,,,,
aggregation,polars,ratings_50000,50000,0.01756250899961742,813.65625,815.0859375,1.4296875,,,,,,,,,,,,7509.0,7509.0,,,,,,,,,
aggregation,polars,ratings_100000,100000,0.029410877999907825,815.0859375,819.80859375,4.72265625,,,,,,,,,,,,9693.0,9693.0,,,,,,,,,
aggregation,chdb,ratings_10000,10000,0.1372392769999351,803.875,806.36328125,2.48828125,,,,,,,,,,,,3640.0,3639.0,,,,,,,,,
aggregation,chdb,ratings_25000,25000,0.19613057199967443,806.36328125,809.40625,3.04296875,,,,,,,,,,,,5636.0,5635.0,,,,,,,,,
aggregation,chdb,ratings_50000,50000,0.22770406299969181,809.40625,812.07421875,2.66796875,,,,,,,,,,,,7509.0,7508.0,,,,,,,,,
aggregation,chdb,ratings_100000,100000,0.28414285100006964,812.07421875,818.40625,6.33203125,,,,,,,,,,,,9693.0,9692.0,,,,,,,,,
aggregation,numpy,ratings_10000,10000,0.0024985720001495793,818.40625,818.40625,0.0,,,,,,,,,,,,3640.0,3640.0,,,,,,,,,
aggregation,numpy,ratings_25000,25000,0.002899085000535706,818.40625,818.40625,0.0,,,,,,,,,,,,5636.0,5636.0,,,,,,,,,
aggregation,numpy,ratings_50000,50000,0.005242808999355475,818.40625,818.40625,0.0,,,,,,,,,,,,7509.0,7509.0,,,,,,,,,
aggregation,numpy,ratings_100000,100000,0.009777536999536096,818.40625,818.40625,0.0,,,,,,,,,,,,9693.0,9693.0,,,,,,,,,
aggregation,kuzu_graphdb,ratings_10000,10000,0.052941339000426524,818.40625,818.4140625,0.0078125,,,,,,,,,,,,3640.0,3640.0,,,,,,,,,
aggregation,kuzu_graphdb,ratings_25000,25000,0.056085432000145374,818.4140625,818.4140625,0.0,,,,,,,,,,,,5636.0,5636.0,,,,,,,,,
aggregation,kuzu_graphdb,ratings_50000,50000,0.06867386700014322,818.4140625,818.4140625,0.0,,,,,,,,,,,,7509.0,7509.0,,,,,,,,,
aggregation,kuzu_graphdb,ratings_100000,100000,0.10280979800063506,818.4140625,818.83984375,0.42578125,,,,,,,,,,,,9693.0,9693.0,,,,,,,,,
join_enrichment,pandas,ratings_10000,10000,0.02515507800035266,818.83984375,819.0078125,0.16796875,,,,,,,,,,,,,,10000.0,9742.0,10000.0,,,,,,
join_enrichment,pandas,ratings_25000,25000,0.031355801000245265,819.0078125,819.03125,0.0234375,,,,,,,,,,,,,,25000.0,9742.0,25000.0,,,,,,
join_enrichment,pandas,ratings_50000,50000,0.0433059900005901,819.03125,819.03125,0.0,,,,,,,,,,,,,,50000.0,9742.0,50000.0,,,,,,
join_enrichment,pandas,ratings_100000,100000,0.07429475899971294,819.03125,819.03125,0.0,,,,,,,,,,,,,,100000.0,9742.0,100000.0,,,,,,
join_enrichment,polars,ratings_10000,10000,0.00979672900029982,819.03125,819.03515625,0.00390625,,,,,,,,,,,,,,10000.0,9742.0,10000.0,,,,,,
join_enrichment,polars,ratings_25000,25000,0.009606358000382897,819.03515625,819.03515625,0.0,,,,,,,,,,,,,,25000.0,9742.0,25000.0,,,,,,
join_enrichment,polars,ratings_50000,50000,0.015045887999804108,819.03515625,819.09765625,0.0625,,,,,,,,,,,,,,50000.0,9742.0,50000.0,,,,,,
join_enrichment,polars,ratings_100000,100000,0.026284106000275642,819.09765625,820.23828125,1.140625,,,,,,,,,,,,,,100000.0,9742.0,100000.0,,,,,,
join_enrichment,chdb,ratings_10000,10000,0.09249540899963904,813.3125,815.796875,2.484375,,,,,,,,,,,,,,,9742.0,10000.0,,,,,,
join_enrichment,chdb,ratings_25000,25000,0.09272493699972983,815.796875,815.203125,-0.59375,,,,,,,,,,,,,,,9742.0,25000.0,,,,,,
join_enrichment,chdb,ratings_50000,50000,0.09680940799989912,815.203125,818.09765625,2.89453125,,,,,,,,,,,,,,,9742.0,50000.0,,,,,,
join_enrichment,chdb,ratings_100000,100000,0.09972772599940072,818.09765625,821.3125,3.21484375,,,,,,,,,,,,,,,9742.0,100000.0,,,,,,
join_enrichment,numpy_join_like,ratings_10000,10000,0.007680791999518988,821.3125,821.3125,0.0,,,,,,,,,,,"NumPy join-like benchmark only checks key matching, not full metadata join",,,10000.0,9742.0,10000.0,10000.0,,,,,
join_enrichment,numpy_join_like,ratings_25000,25000,0.015295058999981848,821.3125,821.3125,0.0,,,,,,,,,,,"NumPy join-like benchmark only checks key matching, not full metadata join",,,25000.0,9742.0,25000.0,25000.0,,,,,
join_enrichment,numpy_join_like,ratings_50000,50000,0.02804169000046386,821.3125,821.3125,0.0,,,,,,,,,,,"NumPy join-like benchmark only checks key matching, not full metadata join",,,50000.0,9742.0,50000.0,50000.0,,,,,
join_enrichment,numpy_join_like,ratings_100000,100000,0.05067636500007211,821.3125,821.3125,0.0,,,,,,,,,,,"NumPy join-like benchmark only checks key matching, not full metadata join",,,100000.0,9742.0,100000.0,100000.0,,,,,
join_enrichment,numpy_join_like,ratings_10000,10000,0.005387447999964934,821.3125,821.3125,0.0,,,,,,,,,,,"NumPy join-like benchmark only checks key matching, not full metadata join",,,10000.0,9742.0,10000.0,10000.0,,,,,
join_enrichment,numpy_join_like,ratings_25000,25000,0.007707019999543263,821.3125,821.3125,0.0,,,,,,,,,,,"NumPy join-like benchmark only checks key matching, not full metadata join",,,25000.0,9742.0,25000.0,25000.0,,,,,
join_enrichment,numpy_join_like,ratings_50000,50000,0.01403442900027585,821.3125,821.3125,0.0,,,,,,,,,,,"NumPy join-like benchmark only checks key matching, not full metadata join",,,50000.0,9742.0,50000.0,50000.0,,,,,
join_enrichment,numpy_join_like,ratings_100000,100000,0.026668420000532933,821.3125,821.3125,0.0,,,,,,,,,,,"NumPy join-like benchmark only checks key matching, not full metadata join",,,100000.0,9742.0,100000.0,100000.0,,,,,
join_enrichment,kuzu_graphdb,ratings_10000,10000,0.04311848799989093,821.3125,821.3203125,0.0078125,,,,,,,,,,,,,,10000.0,9742.0,10000.0,,,,,,
join_enrichment,kuzu_graphdb,ratings_25000,25000,0.03601880499991239,821.3203125,821.3203125,0.0,,,,,,,,,,,,,,25000.0,9742.0,25000.0,,,,,,
join_enrichment,kuzu_graphdb,ratings_50000,50000,0.037525089000155276,821.3203125,821.3203125,0.0,,,,,,,,,,,,,,50000.0,9742.0,50000.0,,,,,,
join_enrichment,kuzu_graphdb,ratings_100000,100000,0.03593844300030469,821.3203125,821.3203125,0.0,,,,,,,,,,,,,,100000.0,9742.0,100000.0,,,,,,
2hop_recommendation,pandas,ratings_10000,10000,0.04021887900034926,821.3203125,821.53125,0.2109375,,,,,,,,,,5.0,,,,,,,,5.0,4769.0,0.02213927600041643,0.004427855200083286,1.0
2hop_recommendation,pandas,ratings_10000,10000,0.03205165899998974,821.53125,821.53125,0.0,,,,,,,,,,10.0,,,,,,,,5.0,4769.0,0.017386376000104065,0.003477275200020813,1.0
2hop_recommendation,pandas,ratings_10000,10000,0.021495539000170538,821.53125,821.53125,0.0,,,,,,,,,,20.0,,,,,,,,5.0,4769.0,0.011281908999990264,0.002256381799998053,1.0
2hop_recommendation,pandas,ratings_10000,10000,0.03184357000009186,821.53125,821.53125,0.0,,,,,,,,,,5.0,,,,,,,,10.0,4769.0,0.022048670999538444,0.0022048670999538444,1.0
2hop_recommendation,pandas,ratings_10000,10000,0.03568750700014789,821.53125,821.53125,0.0,,,,,,,,,,10.0,,,,,,,,10.0,4769.0,0.022875128999658045,0.0022875128999658044,1.0
2hop_recommendation,pandas,ratings_10000,10000,0.03139272299995355,821.53125,821.53125,0.0,,,,,,,,,,20.0,,,,,,,,10.0,4769.0,0.021465180000632245,0.0021465180000632246,1.0
2hop_recommendation,pandas,ratings_10000,10000,0.061351321999609354,821.53125,821.53515625,0.00390625,,,,,,,,,,5.0,,,,,,,,25.0,4769.0,0.051396627000031,0.00205586508000124,1.0
2hop_recommendation,pandas,ratings_10000,10000,0.06449513400002616,821.53515625,821.53515625,0.0,,,,,,,,,,10.0,,,,,,,,25.0,4769.0,0.054141171999617654,0.002165646879984706,1.0
2hop_recommendation,pandas,ratings_10000,10000,0.07175256299979083,821.53515625,821.53515625,0.0,,,,,,,,,,20.0,,,,,,,,25.0,4769.0,0.05634514200028207,0.0022538056800112827,1.0
2hop_recommendation,pandas,ratings_10000,10000,0.12696123400019133,821.53515625,821.53515625,0.0,,,,,,,,,,5.0,,,,,,,,50.0,4769.0,0.11681897400012531,0.002336379480002506,1.0
2hop_recommendation,pandas,ratings_10000,10000,0.12279927700001281,821.53515625,821.53515625,0.0,,,,,,,,,,10.0,,,,,,,,50.0,4769.0,0.11290158800056815,0.002258031760011363,1.0
2hop_recommendation,pandas,ratings_10000,10000,0.1273283580003408,821.53515625,821.53515625,0.0,,,,,,,,,,20.0,,,,,,,,50.0,4769.0,0.11680887100010295,0.0023361774200020592,1.0
2hop_recommendation,pandas,ratings_25000,25000,0.03209049599990976,821.53515625,821.53515625,0.0,,,,,,,,,,5.0,,,,,,,,5.0,12008.0,0.015145208999456372,0.0030290417998912744,1.0
2hop_recommendation,pandas,ratings_25000,25000,0.03036235499985196,821.53515625,821.53515625,0.0,,,,,,,,,,10.0,,,,,,,,5.0,12008.0,0.014360203000251204,0.0028720406000502406,1.0
2hop_recommendation,pandas,ratings_25000,25000,0.031159651999587368,821.53515625,821.53515625,0.0,,,,,,,,,,20.0,,,,,,,,5.0,12008.0,0.015285891000530683,0.0030571782001061363,1.0
2hop_recommendation,pandas,ratings_25000,25000,0.047469553999690106,821.53515625,821.53515625,0.0,,,,,,,,,,5.0,,,,,,,,10.0,12008.0,0.03121361200010142,0.003121361200010142,1.0
2hop_recommendation,pandas,ratings_25000,25000,0.051392313999713224,821.53515625,821.53515625,0.0,,,,,,,,,,10.0,,,,,,,,10.0,12008.0,0.03337125500002003,0.0033371255000020027,1.0
2hop_recommendation,pandas,ratings_25000,25000,0.048480801000550855,821.53515625,821.53515625,0.0,,,,,,,,,,20.0,,,,,,,,10.0,12008.0,0.031931874999827414,0.0031931874999827415,1.0
2hop_recommendation,pandas,ratings_25000,25000,0.08944839000014326,821.53515625,821.53515625,0.0,,,,,,,,,,5.0,,,,,,,,25.0,12008.0,0.07346744799997396,0.002938697919998958,1.0
2hop_recommendation,pandas,ratings_25000,25000,0.0955295309995563,821.53515625,821.53515625,0.0,,,,,,,,,,10.0,,,,,,,,25.0,12008.0,0.0789510889999292,0.0031580435599971677,1.0
2hop_recommendation,pandas,ratings_25000,25000,0.10497989000032248,821.53515625,821.53515625,0.0,,,,,,,,,,20.0,,,,,,,,25.0,12008.0,0.08096032699995703,0.0032384130799982813,1.0
2hop_recommendation,pandas,ratings_25000,25000,0.1745979979996264,821.53515625,821.53515625,0.0,,,,,,,,,,5.0,,,,,,,,50.0,12008.0,0.15659656599927985,0.0031319313199855967,1.0
2hop_recommendation,pandas,ratings_25000,25000,0.1644160030000421,821.53515625,821.53515625,0.0,,,,,,,,,,10.0,,,,,,,,50.0,12008.0,0.14864695300002495,0.002972939060000499,1.0
2hop_recommendation,pandas,ratings_25000,25000,0.16697994000060135,821.53515625,821.53515625,0.0,,,,,,,,,,20.0,,,,,,,,50.0,12008.0,0.15118329799952335,0.003023665959990467,1.0
2hop_recommendation,pandas,ratings_50000,50000,0.0535862549995727,821.53515625,821.53515625,0.0,,,,,,,,,,5.0,,,,,,,,5.0,24068.0,0.021452358999340504,0.004290471799868101,1.0
2hop_recommendation,pandas,ratings_50000,50000,0.04997845799971401,821.53515625,821.53515625,0.0,,,,,,,,,,10.0,,,,,,,,5.0,24068.0,0.021470955000040703,0.00429419100000814,1.0
2hop_recommendation,pandas,ratings_50000,50000,0.05360444599955372,821.53515625,821.53515625,0.0,,,,,,,,,,20.0,,,,,,,,5.0,24068.0,0.024076314000012644,0.0048152628000025285,1.0
2hop_recommendation,pandas,ratings_50000,50000,0.07631161199969938,821.53515625,821.53515625,0.0,,,,,,,,,,5.0,,,,,,,,10.0,24068.0,0.04682525600037479,0.00468252560003748,1.0
2hop_recommendation,pandas,ratings_50000,50000,0.07381900799919094,821.53515625,821.53515625,0.0,,,,,,,,,,10.0,,,,,,,,10.0,24068.0,0.045564756999738165,0.004556475699973817,1.0
2hop_recommendation,pandas,ratings_50000,50000,0.08517577499969775,821.53515625,821.53515625,0.0,,,,,,,,,,20.0,,,,,,,,10.0,24068.0,0.04419806599980802,0.004419806599980802,1.0
2hop_recommendation,pandas,ratings_50000,50000,0.14666199699968274,821.53515625,821.53515625,0.0,,,,,,,,,,5.0,,,,,,,,25.0,24068.0,0.11760665400015569,0.004704266160006227,1.0
2hop_recommendation,pandas,ratings_50000,50000,0.1414815690004616,821.53515625,821.53515625,0.0,,,,,,,,,,10.0,,,,,,,,25.0,24068.0,0.1134318100002929,0.004537272400011716,1.0
2hop_recommendation,pandas,ratings_50000,50000,0.14057630199931737,821.53515625,821.53515625,0.0,,,,,,,,,,20.0,,,,,,,,25.0,24068.0,0.11256760099968233,0.004502704039987293,1.0
2hop_recommendation,pandas,ratings_50000,50000,0.27607021999938297,821.53515625,821.53515625,0.0,,,,,,,,,,5.0,,,,,,,,50.0,24068.0,0.2432424329999776,0.004864848659999552,1.0
2hop_recommendation,pandas,ratings_50000,50000,0.25171214700003475,821.53515625,821.53515625,0.0,,,,,,,,,,10.0,,,,,,,,50.0,24068.0,0.2229402430002665,0.00445880486000533,1.0
2hop_recommendation,pandas,ratings_50000,50000,0.2492819449998933,821.53515625,821.53515625,0.0,,,,,,,,,,20.0,,,,,,,,50.0,24068.0,0.2214107679992594,0.0044282153599851885,1.0
2hop_recommendation,pandas,ratings_100000,100000,0.08484639200014499,821.53515625,821.53515625,0.0,,,,,,,,,,5.0,,,,,,,,5.0,48170.0,0.034167166999395704,0.006833433399879141,1.0
2hop_recommendation,pandas,ratings_100000,100000,0.08441114000015659,821.53515625,821.53515625,0.0,,,,,,,,,,10.0,,,,,,,,5.0,48170.0,0.03488064500015753,0.006976129000031505,1.0
2hop_recommendation,pandas,ratings_100000,100000,0.08261950100040849,821.53515625,821.53515625,0.0,,,,,,,,,,20.0,,,,,,,,5.0,48170.0,0.033237920000829035,0.006647584000165807,1.0
2hop_recommendation,pandas,ratings_100000,100000,0.11477581500002998,821.53515625,821.53515625,0.0,,,,,,,,,,5.0,,,,,,,,10.0,48170.0,0.06549145799999678,0.006549145799999679,1.0
2hop_recommendation,pandas,ratings_100000,100000,0.13126227999964613,821.53515625,821.53515625,0.0,,,,,,,,,,10.0,,,,,,,,10.0,48170.0,0.0809739879996414,0.008097398799964139,1.0
2hop_recommendation,pandas,ratings_100000,100000,0.11579340699972818,821.53515625,821.53515625,0.0,,,,,,,,,,20.0,,,,,,,,10.0,48170.0,0.06592518099932931,0.006592518099932931,1.0
2hop_recommendation,pandas,ratings_100000,100000,0.21369479799977853,821.53515625,821.53515625,0.0,,,,,,,,,,5.0,,,,,,,,25.0,48170.0,0.164339420000033,0.00657357680000132,1.0
2hop_recommendation,pandas,ratings_100000,100000,0.21310626800004684,821.53515625,821.53515625,0.0,,,,,,,,,,10.0,,,,,,,,25.0,48170.0,0.1629770819999976,0.0065190832799999045,1.0
2hop_recommendation,pandas,ratings_100000,100000,0.22044528700007504,821.53515625,821.53515625,0.0,,,,,,,,,,20.0,,,,,,,,25.0,48170.0,0.16940371399959986,0.006776148559983994,1.0
2hop_recommendation,pandas,ratings_100000,100000,0.5577715429999444,821.53515625,821.53515625,0.0,,,,,,,,,,5.0,,,,,,,,50.0,48170.0,0.4798128379998161,0.009596256759996322,1.0
2hop_recommendation,pandas,ratings_100000,100000,0.5473192119998203,821.53515625,821.53515625,0.0,,,,,,,,,,10.0,,,,,,,,50.0,48170.0,0.47128124899973045,0.009425624979994609,1.0
2hop_recommendation,pandas,ratings_100000,100000,0.6107447920003324,821.53515625,821.53515625,0.0,,,,,,,,,,20.0,,,,,,,,50.0,48170.0,0.5292559319996144,0.010585118639992288,1.0
2hop_recommendation,polars,ratings_10000,10000,0.11783655099952739,821.5390625,824.54296875,3.00390625,,,,,,,,,,5.0,,,,,,,,5.0,4769.0,0.08683918900078424,0.017367837800156848,1.0
2hop_recommendation,polars,ratings_10000,10000,0.07634135199987213,824.54296875,826.88671875,2.34375,,,,,,,,,,10.0,,,,,,,,5.0,4769.0,0.0642871539994303,0.01285743079988606,1.0
2hop_recommendation,polars,ratings_10000,10000,0.05340044799959287,826.88671875,826.98828125,0.1015625,,,,,,,,,,20.0,,,,,,,,5.0,4769.0,0.031791518999853,0.006358303799970599,1.0
2hop_recommendation,polars,ratings_10000,10000,0.03204067299975577,826.98828125,827.0546875,0.06640625,,,,,,,,,,5.0,,,,,,,,10.0,4769.0,0.022289244000603503,0.0022289244000603505,1.0
2hop_recommendation,polars,ratings_10000,10000,0.0316925959996297,827.0546875,827.10546875,0.05078125,,,,,,,,,,10.0,,,,,,,,10.0,4769.0,0.02185524600008648,0.002185524600008648,1.0
2hop_recommendation,polars,ratings_10000,10000,0.03476846299963654,827.10546875,827.16015625,0.0546875,,,,,,,,,,20.0,,,,,,,,10.0,4769.0,0.024866179999662563,0.0024866179999662565,1.0
2hop_recommendation,polars,ratings_10000,10000,0.10171104300025036,827.16015625,827.19921875,0.0390625,,,,,,,,,,5.0,,,,,,,,25.0,4769.0,0.07674209300057555,0.0030696837200230222,1.0
2hop_recommendation,polars,ratings_10000,10000,0.10352397499991639,827.19921875,827.2109375,0.01171875,,,,,,,,,,10.0,,,,,,,,25.0,4769.0,0.09378725999977178,0.0037514903999908713,1.0
2hop_recommendation,polars,ratings_10000,10000,0.07843023500026902,827.2109375,827.23828125,0.02734375,,,,,,,,,,20.0,,,,,,,,25.0,4769.0,0.06754643200019927,0.002701857280007971,1.0
2hop_recommendation,polars,ratings_10000,10000,0.10040789699996822,827.23828125,827.3125,0.07421875,,,,,,,,,,5.0,,,,,,,,50.0,4769.0,0.0936652549999053,0.001873305099998106,1.0
2hop_recommendation,polars,ratings_10000,10000,0.10181492300034733,827.3125,827.36328125,0.05078125,,,,,,,,,,10.0,,,,,,,,50.0,4769.0,0.09491007999986323,0.0018982015999972645,1.0
2hop_recommendation,polars,ratings_10000,10000,0.10689926000031846,827.36328125,827.390625,0.02734375,,,,,,,,,,20.0,,,,,,,,50.0,4769.0,0.10034312599964323,0.0020068625199928646,1.0
2hop_recommendation,polars,ratings_25000,25000,0.021734971999649133,827.390625,827.5546875,0.1640625,,,,,,,,,,5.0,,,,,,,,5.0,12008.0,0.01120691899996018,0.002241383799992036,1.0
2hop_recommendation,polars,ratings_25000,25000,0.022222849000172573,827.5546875,827.5546875,0.0,,,,,,,,,,10.0,,,,,,,,5.0,12008.0,0.01201626399961242,0.002403252799922484,1.0
2hop_recommendation,polars,ratings_25000,25000,0.0220860140007062,827.5546875,827.71875,0.1640625,,,,,,,,,,20.0,,,,,,,,5.0,12008.0,0.011409511999772803,0.0022819023999545605,1.0
2hop_recommendation,polars,ratings_25000,25000,0.03555140499975096,827.71875,827.71875,0.0,,,,,,,,,,5.0,,,,,,,,10.0,12008.0,0.025715300000229036,0.0025715300000229034,1.0
2hop_recommendation,polars,ratings_25000,25000,0.03626328999962425,827.71875,827.71875,0.0,,,,,,,,,,10.0,,,,,,,,10.0,12008.0,0.02615213399985805,0.0026152133999858052,1.0
2hop_recommendation,polars,ratings_25000,25000,0.03554485899985593,827.71875,827.71875,0.0,,,,,,,,,,20.0,,,,,,,,10.0,12008.0,0.025590854000256513,0.0025590854000256515,1.0
2hop_recommendation,polars,ratings_25000,25000,0.07527063599991379,827.71875,827.7265625,0.0078125,,,,,,,,,,5.0,,,,,,,,25.0,12008.0,0.06506969400015805,0.0026027877600063223,1.0
2hop_recommendation,polars,ratings_25000,25000,0.07136274300046352,827.7265625,827.7265625,0.0,,,,,,,,,,10.0,,,,,,,,25.0,12008.0,0.06124223999995593,0.002449689599998237,1.0
2hop_recommendation,polars,ratings_25000,25000,0.07241872299982788,827.7265625,827.73046875,0.00390625,,,,,,,,,,20.0,,,,,,,,25.0,12008.0,0.06237163900004816,0.0024948655600019265,1.0
2hop_recommendation,polars,ratings_25000,25000,0.13908069700028136,827.73046875,827.73046875,0.0,,,,,,,,,,5.0,,,,,,,,50.0,12008.0,0.12922468800024944,0.002584493760004989,1.0
2hop_recommendation,polars,ratings_25000,25000,0.1419640089998211,827.73046875,827.73046875,0.0,,,,,,,,,,10.0,,,,,,,,50.0,12008.0,0.13185444600003393,0.0026370889200006786,1.0
2hop_recommendation,polars,ratings_25000,25000,0.13469334300043556,827.73046875,827.73046875,0.0,,,,,,,,,,20.0,,,,,,,,50.0,12008.0,0.12456911299977946,0.002491382259995589,1.0
2hop_recommendation,polars,ratings_50000,50000,0.03357282800061512,827.73046875,827.91015625,0.1796875,,,,,,,,,,5.0,,,,,,,,5.0,24068.0,0.016841487000419875,0.0033682974000839748,1.0
2hop_recommendation,polars,ratings_50000,50000,0.03321830400000181,827.91015625,828.0859375,0.17578125,,,,,,,,,,10.0,,,,,,,,5.0,24068.0,0.016021546000047238,0.0032043092000094476,1.0
2hop_recommendation,polars,ratings_50000,50000,0.042652803999772004,828.0859375,828.0859375,0.0,,,,,,,,,,20.0,,,,,,,,5.0,24068.0,0.022007969999322086,0.0044015939998644175,1.0
2hop_recommendation,polars,ratings_50000,50000,0.09416579600019759,828.0859375,828.0859375,0.0,,,,,,,,,,5.0,,,,,,,,10.0,24068.0,0.06891870700019354,0.006891870700019354,1.0
2hop_recommendation,polars,ratings_50000,50000,0.07041726900024514,828.0859375,828.0859375,0.0,,,,,,,,,,10.0,,,,,,,,10.0,24068.0,0.04504547100077616,0.004504547100077616,1.0
2hop_recommendation,polars,ratings_50000,50000,0.07194851100030064,828.0859375,828.0859375,0.0,,,,,,,,,,20.0,,,,,,,,10.0,24068.0,0.04541306699957204,0.0045413066999572035,1.0
2hop_recommendation,polars,ratings_50000,50000,0.14549127600002976,828.0859375,828.09375,0.0078125,,,,,,,,,,5.0,,,,,,,,25.0,24068.0,0.1181307619999643,0.0047252304799985725,1.0
2hop_recommendation,polars,ratings_50000,50000,0.15158966799936024,828.09375,828.09375,0.0,,,,,,,,,,10.0,,,,,,,,25.0,24068.0,0.1206302720001986,0.004825210880007944,1.0
2hop_recommendation,polars,ratings_50000,50000,0.5573068499998044,828.09375,828.09375,0.0,,,,,,,,,,20.0,,,,,,,,25.0,24068.0,0.5037331260000428,0.020149325040001713,1.0
2hop_recommendation,polars,ratings_50000,50000,0.2780092519997197,828.09375,828.09375,0.0,,,,,,,,,,5.0,,,,,,,,50.0,24068.0,0.2500024860000849,0.005000049720001698,1.0
2hop_recommendation,polars,ratings_50000,50000,0.2449912560005032,828.09375,828.09375,0.0,,,,,,,,,,10.0,,,,,,,,50.0,24068.0,0.21603449800022645,0.004320689960004529,1.0
2hop_recommendation,polars,ratings_50000,50000,0.4870523130002766,828.09375,828.09375,0.0,,,,,,,,,,20.0,,,,,,,,50.0,24068.0,0.47149108800022077,0.009429821760004415,1.0
2hop_recommendation,polars,ratings_100000,100000,0.13473243299995374,828.09375,830.8671875,2.7734375,,,,,,,,,,5.0,,,,,,,,5.0,48170.0,0.08396827599972312,0.016793655199944624,1.0
2hop_recommendation,polars,ratings_100000,100000,0.060586049999983516,830.8671875,832.88671875,2.01953125,,,,,,,,,,10.0,,,,,,,,5.0,48170.0,0.032517557000574016,0.006503511400114803,1.0
2hop_recommendation,polars,ratings_100000,100000,0.06704787800026679,832.88671875,834.421875,1.53515625,,,,,,,,,,20.0,,,,,,,,5.0,48170.0,0.0369501550003406,0.00739003100006812,1.0
2hop_recommendation,polars,ratings_100000,100000,0.07819372999983898,834.421875,834.640625,0.21875,,,,,,,,,,5.0,,,,,,,,10.0,48170.0,0.05073835000075633,0.005073835000075633,1.0
2hop_recommendation,polars,ratings_100000,100000,0.11432904400044208,834.640625,834.796875,0.15625,,,,,,,,,,10.0,,,,,,,,10.0,48170.0,0.08044364900069922,0.008044364900069923,1.0
2hop_recommendation,polars,ratings_100000,100000,0.20670216099915706,834.796875,834.796875,0.0,,,,,,,,,,20.0,,,,,,,,10.0,48170.0,0.11126335900007689,0.01112633590000769,1.0
2hop_recommendation,polars,ratings_100000,100000,0.15943510399938532,834.796875,834.8046875,0.0078125,,,,,,,,,,5.0,,,,,,,,25.0,48170.0,0.13240492100067058,0.005296196840026824,1.0
2hop_recommendation,polars,ratings_100000,100000,0.1519474930000797,834.8046875,834.81640625,0.01171875,,,,,,,,,,10.0,,,,,,,,25.0,48170.0,0.12518237699987367,0.005007295079994947,1.0
2hop_recommendation,polars,ratings_100000,100000,0.15028591400005098,834.81640625,834.82421875,0.0078125,,,,,,,,,,20.0,,,,,,,,25.0,48170.0,0.12322078299985151,0.004928831319994061,1.0
2hop_recommendation,polars,ratings_100000,100000,0.44894184000077075,834.82421875,834.828125,0.00390625,,,,,,,,,,5.0,,,,,,,,50.0,48170.0,0.3812366900001507,0.007624733800003014,1.0
2hop_recommendation,polars,ratings_100000,100000,0.40429094800038,834.828125,834.828125,0.0,,,,,,,,,,10.0,,,,,,,,50.0,48170.0,0.3746350410001469,0.007492700820002938,1.0
2hop_recommendation,polars,ratings_100000,100000,0.5207596310001463,834.828125,834.828125,0.0,,,,,,,,,,20.0,,,,,,,,50.0,48170.0,0.49390762799976073,0.009878152559995215,1.0
2hop_recommendation,numpy,ratings_10000,10000,0.011228355000639567,834.828125,834.828125,0.0,,,,,,,,,,5.0,,,,,,,,5.0,4769.0,0.0044630900001720875,0.0008926180000344175,1.0
2hop_recommendation,numpy,ratings_10000,10000,0.008553530999961367,834.828125,834.828125,0.0,,,,,,,,,,10.0,,,,,,,,5.0,4769.0,0.004038166000100318,0.0008076332000200636,1.0
2hop_recommendation,numpy,ratings_10000,10000,0.009038049999617215,834.828125,834.828125,0.0,,,,,,,,,,20.0,,,,,,,,5.0,4769.0,0.00420694900003582,0.000841389800007164,1.0
2hop_recommendation,numpy,ratings_10000,10000,0.03604999700019107,834.828125,834.828125,0.0,,,,,,,,,,5.0,,,,,,,,10.0,4769.0,0.016811409999718308,0.0016811409999718308,1.0
2hop_recommendation,numpy,ratings_10000,10000,0.012590189999173163,834.828125,834.828125,0.0,,,,,,,,,,10.0,,,,,,,,10.0,4769.0,0.007903575000455021,0.0007903575000455021,1.0
2hop_recommendation,numpy,ratings_10000,10000,0.050451611000426055,834.828125,834.828125,0.0,,,,,,,,,,20.0,,,,,,,,10.0,4769.0,0.03219359400009125,0.0032193594000091254,1.0
2hop_recommendation,numpy,ratings_10000,10000,0.027289829999972426,834.828125,834.828125,0.0,,,,,,,,,,5.0,,,,,,,,25.0,4769.0,0.017845037000370212,0.0007138014800148085,1.0
2hop_recommendation,numpy,ratings_10000,10000,0.03393128399966372,834.828125,834.828125,0.0,,,,,,,,,,10.0,,,,,,,,25.0,4769.0,0.02504510000017035,0.001001804000006814,1.0
2hop_recommendation,numpy,ratings_10000,10000,0.02342513300027349,834.828125,834.828125,0.0,,,,,,,,,,20.0,,,,,,,,25.0,4769.0,0.01886487699994177,0.0007545950799976709,1.0
2hop_recommendation,numpy,ratings_10000,10000,0.0238594969996484,834.828125,834.828125,0.0,,,,,,,,,,5.0,,,,,,,,50.0,4769.0,0.020571764999658626,0.00041143529999317254,1.0
2hop_recommendation,numpy,ratings_10000,10000,0.02524892200017348,834.828125,834.828125,0.0,,,,,,,,,,10.0,,,,,,,,50.0,4769.0,0.022009770000295248,0.00044019540000590497,1.0
2hop_recommendation,numpy,ratings_10000,10000,0.023843506000048365,834.828125,834.828125,0.0,,,,,,,,,,20.0,,,,,,,,50.0,4769.0,0.02056738999999652,0.00041134779999993045,1.0
2hop_recommendation,numpy,ratings_25000,25000,0.009230098000443832,834.828125,834.828125,0.0,,,,,,,,,,5.0,,,,,,,,5.0,12008.0,0.004755357999783882,0.0009510715999567765,1.0
2hop_recommendation,numpy,ratings_25000,25000,0.010427199000332621,834.828125,834.828125,0.0,,,,,,,,,,10.0,,,,,,,,5.0,12008.0,0.005579411000326218,0.0011158822000652436,1.0
2hop_recommendation,numpy,ratings_25000,25000,0.008949568000389263,834.828125,834.828125,0.0,,,,,,,,,,20.0,,,,,,,,5.0,12008.0,0.00462171499930264,0.0009243429998605279,1.0
2hop_recommendation,numpy,ratings_25000,25000,0.01335935299994162,834.828125,834.828125,0.0,,,,,,,,,,5.0,,,,,,,,10.0,12008.0,0.00920742899961624,0.0009207428999616241,1.0
2hop_recommendation,numpy,ratings_25000,25000,0.013361024000005273,834.828125,834.828125,0.0,,,,,,,,,,10.0,,,,,,,,10.0,12008.0,0.009222949000104563,0.0009222949000104563,1.0
2hop_recommendation,numpy,ratings_25000,25000,0.013836686000104237,834.828125,834.828125,0.0,,,,,,,,,,20.0,,,,,,,,10.0,12008.0,0.009326519999376615,0.0009326519999376615,1.0
2hop_recommendation,numpy,ratings_25000,25000,0.025525267999910284,834.828125,834.828125,0.0,,,,,,,,,,5.0,,,,,,,,25.0,12008.0,0.02139704300043377,0.0008558817200173507,1.0
2hop_recommendation,numpy,ratings_25000,25000,0.025187389999700827,834.828125,834.828125,0.0,,,,,,,,,,10.0,,,,,,,,25.0,12008.0,0.021176092000132485,0.0008470436800052994,1.0
2hop_recommendation,numpy,ratings_25000,25000,0.035533762000341085,834.828125,834.828125,0.0,,,,,,,,,,20.0,,,,,,,,25.0,12008.0,0.029749510000328883,0.0011899804000131554,1.0
2hop_recommendation,numpy,ratings_25000,25000,0.055261880999751156,834.828125,834.828125,0.0,,,,,,,,,,5.0,,,,,,,,50.0,12008.0,0.05098869299945363,0.0010197738599890727,1.0
2hop_recommendation,numpy,ratings_25000,25000,0.05589812200014421,834.828125,834.828125,0.0,,,,,,,,,,10.0,,,,,,,,50.0,12008.0,0.051759160999608866,0.0010351832199921773,1.0
2hop_recommendation,numpy,ratings_25000,25000,0.05510699099977501,834.828125,834.828125,0.0,,,,,,,,,,20.0,,,,,,,,50.0,12008.0,0.050961437999831105,0.0010192287599966221,1.0
2hop_recommendation,numpy,ratings_50000,50000,0.015369134999673406,834.828125,834.828125,0.0,,,,,,,,,,5.0,,,,,,,,5.0,24068.0,0.008999355000014475,0.001799871000002895,1.0
2hop_recommendation,numpy,ratings_50000,50000,0.014759665000383393,834.828125,834.828125,0.0,,,,,,,,,,10.0,,,,,,,,5.0,24068.0,0.008999597000183712,0.0017999194000367425,1.0
2hop_recommendation,numpy,ratings_50000,50000,0.01448945999982243,834.828125,834.828125,0.0,,,,,,,,,,20.0,,,,,,,,5.0,24068.0,0.008858972999405523,0.0017717945998811046,1.0
2hop_recommendation,numpy,ratings_50000,50000,0.0245343070000672,834.828125,834.828125,0.0,,,,,,,,,,5.0,,,,,,,,10.0,24068.0,0.01885066100021504,0.001885066100021504,1.0
2hop_recommendation,numpy,ratings_50000,50000,0.024005299000236846,834.828125,834.828125,0.0,,,,,,,,,,10.0,,,,,,,,10.0,24068.0,0.018222280000372848,0.0018222280000372848,1.0
2hop_recommendation,numpy,ratings_50000,50000,0.025089501999900676,834.828125,834.828125,0.0,,,,,,,,,,20.0,,,,,,,,10.0,24068.0,0.01858363199971791,0.0018583631999717909,1.0
2hop_recommendation,numpy,ratings_50000,50000,0.05448026500016567,834.828125,834.828125,0.0,,,,,,,,,,5.0,,,,,,,,25.0,24068.0,0.04867640400061646,0.0019470561600246584,1.0
2hop_recommendation,numpy,ratings_50000,50000,0.05467824900006235,834.828125,834.828125,0.0,,,,,,,,,,10.0,,,,,,,,25.0,24068.0,0.04870323199975246,0.0019481292799900984,1.0
2hop_recommendation,numpy,ratings_50000,50000,0.05492230300023948,834.828125,834.828125,0.0,,,,,,,,,,20.0,,,,,,,,25.0,24068.0,0.04885633199955919,0.0019542532799823676,1.0
2hop_recommendation,numpy,ratings_50000,50000,0.10341906699977699,834.828125,834.828125,0.0,,,,,,,,,,5.0,,,,,,,,50.0,24068.0,0.09576475499943626,0.0019152950999887252,1.0
2hop_recommendation,numpy,ratings_50000,50000,0.10906679300023825,834.828125,834.828125,0.0,,,,,,,,,,10.0,,,,,,,,50.0,24068.0,0.10307359499984159,0.002061471899996832,1.0
2hop_recommendation,numpy,ratings_50000,50000,0.09996115299964003,834.828125,834.828125,0.0,,,,,,,,,,20.0,,,,,,,,50.0,24068.0,0.09404728899971815,0.001880945779994363,1.0
2hop_recommendation,numpy,ratings_100000,100000,0.026212202999886358,834.828125,834.828125,0.0,,,,,,,,,,5.0,,,,,,,,5.0,48170.0,0.01662394300001324,0.0033247886000026482,1.0
2hop_recommendation,numpy,ratings_100000,100000,0.025276186000155576,834.828125,834.828125,0.0,,,,,,,,,,10.0,,,,,,,,5.0,48170.0,0.016388035000090895,0.003277607000018179,1.0
2hop_recommendation,numpy,ratings_100000,100000,0.02670293700066395,834.828125,834.828125,0.0,,,,,,,,,,20.0,,,,,,,,5.0,48170.0,0.016647594999994908,0.0033295189999989817,1.0
2hop_recommendation,numpy,ratings_100000,100000,0.04114380600003642,834.828125,834.828125,0.0,,,,,,,,,,5.0,,,,,,,,10.0,48170.0,0.03230860199982999,0.003230860199982999,1.0
2hop_recommendation,numpy,ratings_100000,100000,0.04568966099941463,834.828125,834.828125,0.0,,,,,,,,,,10.0,,,,,,,,10.0,48170.0,0.03565306700056681,0.003565306700056681,1.0
2hop_recommendation,numpy,ratings_100000,100000,0.04075043299962999,834.828125,834.828125,0.0,,,,,,,,,,20.0,,,,,,,,10.0,48170.0,0.03198964400053228,0.003198964400053228,1.0
2hop_recommendation,numpy,ratings_100000,100000,0.09012873300071078,834.828125,834.828125,0.0,,,,,,,,,,5.0,,,,,,,,25.0,48170.0,0.08123244499984139,0.0032492977999936555,1.0
2hop_recommendation,numpy,ratings_100000,100000,0.09214393000002019,834.828125,834.828125,0.0,,,,,,,,,,10.0,,,,,,,,25.0,48170.0,0.08341145599933952,0.003336458239973581,1.0
2hop_recommendation,numpy,ratings_100000,100000,0.10866830100076186,834.828125,834.828125,0.0,,,,,,,,,,20.0,,,,,,,,25.0,48170.0,0.09553678700012824,0.0038214714800051297,1.0
2hop_recommendation,numpy,ratings_100000,100000,0.18333698100013862,834.828125,834.828125,0.0,,,,,,,,,,5.0,,,,,,,,50.0,48170.0,0.17379553399950964,0.003475910679990193,1.0
2hop_recommendation,numpy,ratings_100000,100000,0.1762569849997817,834.828125,834.828125,0.0,,,,,,,,,,10.0,,,,,,,,50.0,48170.0,0.1672996069992223,0.0033459921399844462,1.0
2hop_recommendation,numpy,ratings_100000,100000,0.17810475600072095,834.828125,834.828125,0.0,,,,,,,,,,20.0,,,,,,,,50.0,48170.0,0.16909989099985978,0.0033819978199971954,1.0
2hop_recommendation,kuzu_graphdb,ratings_10000,10000,0.47558286099956604,834.828125,836.390625,1.5625,,,,,,,,,,5.0,,,,,,,,5.0,4769.0,0.42355665000013687,0.08471133000002737,1.0
2hop_recommendation,kuzu_graphdb,ratings_10000,10000,0.4391490940006406,836.390625,836.7578125,0.3671875,,,,,,,,,,10.0,,,,,,,,5.0,4769.0,0.3942526379996707,0.07885052759993413,1.0
2hop_recommendation,kuzu_graphdb,ratings_10000,10000,0.44355543500023487,836.7578125,836.828125,0.0703125,,,,,,,,,,20.0,,,,,,,,5.0,4769.0,0.39884893799990095,0.07976978759998019,1.0
2hop_recommendation,kuzu_graphdb,ratings_10000,10000,0.8666198200007784,836.828125,837.953125,1.125,,,,,,,,,,5.0,,,,,,,,10.0,4769.0,0.8233962089998386,0.08233962089998385,1.0
2hop_recommendation,kuzu_graphdb,ratings_10000,10000,0.8587286680003672,837.953125,837.953125,0.0,,,,,,,,,,10.0,,,,,,,,10.0,4769.0,0.8161665210000137,0.08161665210000138,1.0
2hop_recommendation,kuzu_graphdb,ratings_10000,10000,0.9771998480000548,837.953125,837.95703125,0.00390625,,,,,,,,,,20.0,,,,,,,,10.0,4769.0,0.9266359800003556,0.09266359800003557,1.0
2hop_recommendation,kuzu_graphdb,ratings_10000,10000,2.9747019790002014,837.95703125,838.05078125,0.09375,,,,,,,,,,5.0,,,,,,,,25.0,4769.0,2.9185801129997344,0.11674320451998937,1.0
2hop_recommendation,kuzu_graphdb,ratings_10000,10000,2.0788343860003806,838.05078125,838.05078125,0.0,,,,,,,,,,10.0,,,,,,,,25.0,4769.0,2.0364130669995575,0.0814565226799823,1.0
2hop_recommendation,kuzu_graphdb,ratings_10000,10000,2.076706643999387,838.05078125,838.41015625,0.359375,,,,,,,,,,20.0,,,,,,,,25.0,4769.0,2.0343007829997077,0.08137203131998831,1.0
2hop_recommendation,kuzu_graphdb,ratings_10000,10000,4.083121104000384,838.41015625,838.53515625,0.125,,,,,,,,,,5.0,,,,,,,,50.0,4769.0,4.035923404000641,0.08071846808001283,1.0
2hop_recommendation,kuzu_graphdb,ratings_10000,10000,5.264677328999824,838.53515625,838.53515625,0.0,,,,,,,,,,10.0,,,,,,,,50.0,4769.0,5.218705835000037,0.10437411670000074,1.0
2hop_recommendation,kuzu_graphdb,ratings_10000,10000,4.00121233200025,838.53515625,838.875,0.33984375,,,,,,,,,,20.0,,,,,,,,50.0,4769.0,3.9582517469998493,0.07916503493999699,1.0
2hop_recommendation,kuzu_graphdb,ratings_25000,25000,0.1715434350007854,838.875,838.875,0.0,,,,,,,,,,5.0,,,,,,,,5.0,12008.0,0.12031923199992889,0.024063846399985777,1.0
2hop_recommendation,kuzu_graphdb,ratings_25000,25000,0.16541137700005493,838.875,838.875,0.0,,,,,,,,,,10.0,,,,,,,,5.0,12008.0,0.11288191099993128,0.022576382199986256,1.0
2hop_recommendation,kuzu_graphdb,ratings_25000,25000,0.16113903499990556,838.875,838.875,0.0,,,,,,,,,,20.0,,,,,,,,5.0,12008.0,0.11230347499986237,0.022460694999972476,1.0
2hop_recommendation,kuzu_graphdb,ratings_25000,25000,0.39412816499952896,838.875,838.875,0.0,,,,,,,,,,5.0,,,,,,,,10.0,12008.0,0.3459985379995487,0.03459985379995487,1.0
2hop_recommendation,kuzu_graphdb,ratings_25000,25000,0.3904860969996662,838.875,838.875,0.0,,,,,,,,,,10.0,,,,,,,,10.0,12008.0,0.3403919600004883,0.03403919600004883,1.0
2hop_recommendation,kuzu_graphdb,ratings_25000,25000,0.3947703479998381,838.875,839.25,0.375,,,,,,,,,,20.0,,,,,,,,10.0,12008.0,0.3459500310000294,0.03459500310000294,1.0
2hop_recommendation,kuzu_graphdb,ratings_25000,25000,0.7275225200000932,839.25,839.25,0.0,,,,,,,,,,5.0,,,,,,,,25.0,12008.0,0.6775458869997237,0.02710183547998895,1.0
2hop_recommendation,kuzu_graphdb,ratings_25000,25000,0.729453662999731,839.25,839.35546875,0.10546875,,,,,,,,,,10.0,,,,,,,,25.0,12008.0,0.6790970479996759,0.027163881919987035,1.0
2hop_recommendation,kuzu_graphdb,ratings_25000,25000,1.161174580000079,839.35546875,839.35546875,0.0,,,,,,,,,,20.0,,,,,,,,25.0,12008.0,1.0909561019998364,0.043638244079993456,1.0
2hop_recommendation,kuzu_graphdb,ratings_25000,25000,2.1778434879997803,839.35546875,839.35546875,0.0,,,,,,,,,,5.0,,,,,,,,50.0,12008.0,2.115220970000337,0.04230441940000674,1.0
2hop_recommendation,kuzu_graphdb,ratings_25000,25000,1.5794222399999853,839.35546875,839.35546875,0.0,,,,,,,,,,10.0,,,,,,,,50.0,12008.0,1.530294055000013,0.03060588110000026,1.0
2hop_recommendation,kuzu_graphdb,ratings_25000,25000,1.5743140739996306,839.35546875,839.35546875,0.0,,,,,,,,,,20.0,,,,,,,,50.0,12008.0,1.5223652429995127,0.030447304859990254,1.0
2hop_recommendation,kuzu_graphdb,ratings_50000,50000,0.45284992400047486,839.35546875,839.48046875,0.125,,,,,,,,,,5.0,,,,,,,,5.0,24068.0,0.38794532299925777,0.07758906459985156,1.0
2hop_recommendation,kuzu_graphdb,ratings_50000,50000,0.4510475689994564,839.48046875,839.48046875,0.0,,,,,,,,,,10.0,,,,,,,,5.0,24068.0,0.3634558339999785,0.0726911667999957,1.0
2hop_recommendation,kuzu_graphdb,ratings_50000,50000,0.5728864379998413,839.48046875,839.48046875,0.0,,,,,,,,,,20.0,,,,,,,,5.0,24068.0,0.49829006500021933,0.09965801300004387,1.0
2hop_recommendation,kuzu_graphdb,ratings_50000,50000,1.2144144539997797,839.48046875,839.7890625,0.30859375,,,,,,,,,,5.0,,,,,,,,10.0,24068.0,1.1492495719994622,0.11492495719994622,1.0
2hop_recommendation,kuzu_graphdb,ratings_50000,50000,1.1898633609998797,839.7890625,839.7890625,0.0,,,,,,,,,,10.0,,,,,,,,10.0,24068.0,1.1263686189995497,0.11263686189995496,1.0
2hop_recommendation,kuzu_graphdb,ratings_50000,50000,1.284847296999942,839.7890625,839.7890625,0.0,,,,,,,,,,20.0,,,,,,,,10.0,24068.0,1.2150012649999553,0.12150012649999553,1.0
2hop_recommendation,kuzu_graphdb,ratings_50000,50000,4.594952094000291,839.7890625,839.7890625,0.0,,,,,,,,,,5.0,,,,,,,,25.0,24068.0,4.506990522000706,0.18027962088002825,1.0
2hop_recommendation,kuzu_graphdb,ratings_50000,50000,3.499265619000653,839.7890625,839.7890625,0.0,,,,,,,,,,10.0,,,,,,,,25.0,24068.0,3.4342056800005594,0.13736822720002237,1.0
2hop_recommendation,kuzu_graphdb,ratings_50000,50000,3.479249444000743,839.7890625,839.8046875,0.015625,,,,,,,,,,20.0,,,,,,,,25.0,24068.0,3.4134293269999034,0.13653717307999613,1.0
2hop_recommendation,kuzu_graphdb,ratings_50000,50000,7.081395784000051,839.8046875,839.80859375,0.00390625,,,,,,,,,,5.0,,,,,,,,50.0,24068.0,7.015338015000452,0.14030676030000905,1.0
2hop_recommendation,kuzu_graphdb,ratings_50000,50000,5.825784703999489,839.80859375,839.80859375,0.0,,,,,,,,,,10.0,,,,,,,,50.0,24068.0,5.7574720349994095,0.11514944069998818,1.0
2hop_recommendation,kuzu_graphdb,ratings_50000,50000,7.112942012000531,839.80859375,839.90234375,0.09375,,,,,,,,,,20.0,,,,,,,,50.0,24068.0,7.046163109999725,0.1409232621999945,1.0
2hop_recommendation,kuzu_graphdb,ratings_100000,100000,1.2712777220003773,839.90234375,846.9140625,7.01171875,,,,,,,,,,5.0,,,,,,,,5.0,48170.0,1.1742682029998832,0.23485364059997665,1.0
2hop_recommendation,kuzu_graphdb,ratings_100000,100000,1.265029713000331,846.9140625,846.9140625,0.0,,,,,,,,,,10.0,,,,,,,,5.0,48170.0,1.1781855310000537,0.23563710620001074,1.0
2hop_recommendation,kuzu_graphdb,ratings_100000,100000,1.2595652650006741,846.9140625,846.91796875,0.00390625,,,,,,,,,,20.0,,,,,,,,5.0,48170.0,1.1712113940002382,0.23424227880004764,1.0
2hop_recommendation,kuzu_graphdb,ratings_100000,100000,4.063418416999411,846.91796875,846.91796875,0.0,,,,,,,,,,5.0,,,,,,,,10.0,48170.0,3.9693926909994843,0.3969392690999484,1.0
2hop_recommendation,kuzu_graphdb,ratings_100000,100000,3.7156988349997846,846.91796875,846.984375,0.06640625,,,,,,,,,,10.0,,,,,,,,10.0,48170.0,3.592729335000513,0.3592729335000513,1.0
2hop_recommendation,kuzu_graphdb,ratings_100000,100000,3.308296631000303,846.984375,846.98828125,0.00390625,,,,,,,,,,20.0,,,,,,,,10.0,48170.0,3.2149071589992673,0.3214907158999267,1.0
2hop_recommendation,kuzu_graphdb,ratings_100000,100000,11.50028888900033,846.98828125,846.98828125,0.0,,,,,,,,,,5.0,,,,,,,,25.0,48170.0,11.380471241000123,0.4552188496400049,1.0
2hop_recommendation,kuzu_graphdb,ratings_100000,100000,12.108620545000122,846.98828125,846.9921875,0.00390625,,,,,,,,,,10.0,,,,,,,,25.0,48170.0,12.002556688999903,0.48010226755999613,1.0
2hop_recommendation,kuzu_graphdb,ratings_100000,100000,11.348183170999619,846.9921875,846.9921875,0.0,,,,,,,,,,20.0,,,,,,,,25.0,48170.0,11.236966221999865,0.44947864887999456,1.0
2hop_recommendation,kuzu_graphdb,ratings_100000,100000,15.433957843999451,846.9921875,846.9921875,0.0,,,,,,,,,,5.0,,,,,,,,50.0,48170.0,15.34050129300067,0.30681002586001344,1.0
2hop_recommendation,kuzu_graphdb,ratings_100000,100000,15.41592477499944,846.9921875,846.9921875,0.0,,,,,,,,,,10.0,,,,,,,,50.0,48170.0,15.323858579999978,0.30647717159999954,1.0
2hop_recommendation,kuzu_graphdb,ratings_100000,100000,15.383529570000064,846.9921875,846.9921875,0.0,,,,,,,,,,20.0,,,,,,,,50.0,48170.0,15.289470154999435,0.3057894030999887,1.0
